{
    "accuracy": 0.9951342018521425,
    "precision": 0.9333333333333333,
    "recall": 0.8032786885245902,
    "f1_score": 0.8634361233480177,
    "roc_auc": 0.9749763240807053
}
