{
    "accuracy": 0.9947678221059516,
    "precision": 0.9344262295081968,
    "recall": 0.7808219178082192,
    "f1_score": 0.8507462686567164,
    "roc_auc": 0.9726214636837422
}
